SNP,Chr,Position
rs425277,1,2059032
rs9434723,1,9214869
rs10779751,1,11206923
rs2284746,1,17179262
rs12137162,1,19635983
rs212524,1,21455898
rs1014987,1,22371411
rs2806561,1,23377382
rs4601530,1,24916698
rs926438,1,25626225
rs17163588,1,26322596
rs2219320,1,26676017
rs12119525,1,27376249
rs16834765,1,32144029
rs7544462,1,37735343
rs209918,1,40550429
rs6600365,1,41328840
rs3014219,1,45797041
rs564914,1,47687820
rs12855,1,51212681
rs17387330,1,53892166
rs6691924,1,54726833
rs2815379,1,67283062
rs12731056,1,78285154
rs17391694,1,78396214
rs567401,1,85760746
rs2046158,1,86103358
rs7551732,1,88911629
rs2811594,1,93115870
rs17113369,1,95559811
rs7517682,1,103292177
rs12120956,1,113004094
rs1321666,1,118293575
rs9428104,1,118657110
rs1409156,1,119293307
rs12144094,1,120066346
rs6658763,1,145158997
rs7534365,1,148142748
rs3767627,1,148205522
rs956796,1,148452715
rs2298265,1,149525667
rs6688100,1,158666210
rs4656220,1,168915901
rs6694089,1,170350504
rs12125882,1,170408026
rs2421992,1,170507874
rs17369123,1,170622464
rs1325596,1,175060689
rs4652773,1,181321450
rs3814333,1,182273742
rs2275325,1,202067358
rs10863936,1,210304421
rs6540834,1,212694042
rs1244981,1,213113515
rs10495098,1,216582933
rs991967,1,216682074
rs12411277,1,217042098
rs4428898,1,217806589
rs1935157,1,219383881
rs1544196,1,222699405
rs6696239,1,225816691
rs11799609,1,241684940
rs17038954,2,1624680
rs10048625,2,1754655
rs3885668,2,10095930
rs2345835,2,18438433
rs13006748,2,20015300
rs7561273,2,24101018
rs2278483,2,24893586
rs2289195,2,25316987
rs10460566,2,25336625
rs780094,2,27594741
rs7605699,2,33169254
rs6714546,2,33214929
rs6751657,2,33258655
rs711245,2,36622379
rs6544089,2,37612249
rs17511102,2,37814117
rs12615742,2,37849231
rs13416119,2,42316434
rs9309101,2,43483116
rs897080,2,44627706
rs17032525,2,44760835
rs12474201,2,46774789
rs354196,2,54819911
rs1367226,2,55943044
rs3791679,2,55950396
rs3791673,2,55967042
rs2120335,2,68348506
rs7568069,2,71437993
rs11684404,2,88705737
rs11683207,2,97699722
rs13388725,2,108413622
rs2166898,2,121329129
rs7567288,2,134151294
rs4953951,2,135903815
rs749234,2,144947819
rs540652,2,169415674
rs12987566,2,171860892
rs6746356,2,174524144
rs7567851,2,178392966
rs833152,2,182927346
rs12693589,2,191540907
rs6435143,2,202902501
rs4425077,2,216118761
rs12329133,2,217643361
rs17181956,2,217854325
rs994533,2,217992523
rs1864439,2,218324878
rs992157,2,218863025
rs2305833,2,219013648
rs4674354,2,219611967
rs12470505,2,219616613
rs16859517,2,219657428
rs12621643,2,223626227
rs6761041,2,224738373
rs6733349,2,231976556
rs6754426,2,232031023
rs4973429,2,232086062
rs2679184,2,232487467
rs749052,2,232504854
rs11677466,2,232690501
rs3116168,2,232698075
rs2343240,2,232795727
rs13393800,2,233150335
rs4344931,2,241467200
rs11687941,2,241840083
rs2633761,3,4703104
rs13078528,3,11621954
rs2596831,3,12607652
rs2597513,3,13530836
rs11708412,3,13708625
rs9816693,3,38022958
rs3915129,3,41218746
rs13088462,3,51046753
rs4256170,3,51167166
rs2240919,3,52806741
rs2581830,3,53109138
rs2034172,3,55386803
rs9835332,3,56642722
rs1658351,3,57988613
rs6794009,3,61488535
rs17806888,3,67499012
rs2175513,3,68705056
rs12330322,3,72538045
rs7633464,3,100198513
rs9825951,3,100752611
rs1797625,3,114309105
rs1533269,3,115697301
rs1546391,3,116180147
rs6439168,3,130533633
rs4974480,3,135661252
rs6762606,3,135862442
rs9880211,3,137590239
rs724016,3,142588260
rs11714558,3,142645735
rs936339,3,144018195
rs4325879,3,158334678
rs6441170,3,159289654
rs7652177,3,173451771
rs509035,3,173646143
rs9858528,3,184838099
rs16860216,3,186971576
rs720390,3,187031377
rs2300921,3,187133695
rs4686904,3,188921216
rs7646824,3,192298672
rs9841435,3,192593854
rs3958122,4,1663729
rs867245,4,2188686
rs11722554,4,5067784
rs6446315,4,5086488
rs868489,4,7106154
rs6829680,4,7963233
rs2302580,4,8659534
rs763318,4,12572672
rs4834927,4,12803189
rs7692995,4,17545732
rs961014,4,17619482
rs16994718,4,38364757
rs2306596,4,39020335
rs1996422,4,48382108
rs13113518,4,56094405
rs17081935,4,57518233
rs9993613,4,73694878
rs17556750,4,82374592
rs2167645,4,82403073
rs17499117,4,82423115
rs11731978,4,88413194
rs6813055,4,88849055
rs12639764,4,106435654
rs1562975,4,109628057
rs7659107,4,114961698
rs6838153,4,122940449
rs12513181,4,124055106
rs11100790,4,144662061
rs7654571,4,145540456
rs6845999,4,145785276
rs1812175,4,145794294
rs17777628,4,145812136
rs4240326,4,146058714
rs996743,4,146348334
rs13133465,4,146412068
rs13150868,4,152400121
rs955748,4,184452669
rs17410035,5,31576899
rs7731703,5,32730699
rs3811958,5,32807800
rs9292468,5,32854830
rs13183624,5,32856925
rs11745439,5,33265791
rs1004202,5,36101220
rs301901,5,37082383
rs3812040,5,39461777
rs17574650,5,42472673
rs2961830,5,50490489
rs7716219,5,54990828
rs2662027,5,56290242
rs7727731,5,64710202
rs10059761,5,67191839
rs9291926,5,67635412
rs34651,5,72179761
rs820848,5,74000416
rs12519505,5,77541632
rs7712162,5,78980927
rs32855,5,79871948
rs6894139,5,88363538
rs2247870,5,90187345
rs12186664,5,95655981
rs6594336,5,108100984
rs13177718,5,108141243
rs1582931,5,122685098
rs6887276,5,127406193
rs26024,5,127723921
rs39623,5,129082520
rs7701414,5,131613857
rs6596075,5,131770127
rs526896,5,134384604
rs9327705,5,134538202
rs165189,5,139125931
rs4624820,5,141661972
rs2974438,5,168183481
rs4620037,5,170807702
rs1529701,5,170933582
rs33852,5,171122176
rs12153391,5,171136043
rs4868126,5,171216074
rs1368380,5,171218237
rs17075869,5,172743886
rs7733195,5,172927230
rs4868645,5,175879724
rs422421,5,176449932
rs11950938,5,176508899
rs12055154,5,176608029
rs11750568,5,178468319
rs6879260,5,179663620
rs932445,6,2112224
rs163071,6,2138061
rs4246079,6,6834817
rs17603945,6,7158015
rs9392918,6,7653630
rs9328445,6,7737946
rs9405356,6,7749376
rs17330192,6,17697354
rs1047014,6,19949472
rs4141885,6,26265460
rs806794,6,26308656
rs1233627,6,28859706
rs9404952,6,29912144
rs1265097,6,31214438
rs6457374,6,31380240
rs2857693,6,31696363
rs3129254,6,33216265
rs12204421,6,33736841
rs3957165,6,33892842
rs12214804,6,34296844
rs3800461,6,34724300
rs6919534,6,35354881
rs6899744,6,35394273
rs4713902,6,35722004
rs16895130,6,42032909
rs1040941,6,44647739
rs10948222,6,45352393
rs9395264,6,47582981
rs12190423,6,72259432
rs12209223,6,76221309
rs6903448,6,76230552
rs648831,6,81012927
rs1341278,6,81095640
rs9443804,6,81372316
rs310421,6,81848782
rs3828760,6,82513703
rs761391,6,85504822
rs314263,6,105499438
rs479744,6,109126725
rs6920372,6,109830632
rs2145357,6,116558135
rs1405212,6,117597357
rs389663,6,117974744
rs4895801,6,126258096
rs1155939,6,126907826
rs1415701,6,130387528
rs7740107,6,130416154
rs6921207,6,131369649
rs7743622,6,132772065
rs7745166,6,142659373
rs4896582,6,142745570
rs6911389,6,144121322
rs2748483,6,146377253
rs6902771,6,152199574
rs3020418,6,152386855
rs11156098,6,156629523
rs1832871,6,158642022
rs9456307,6,158849430
rs486359,6,160694431
rs991946,6,166249852
rs2763273,6,168577472
rs7774834,6,169091656
rs798497,7,2762483
rs4725061,7,8053164
rs929637,7,12243047
rs17140875,7,19214803
rs2390151,7,19608625
rs3807931,7,20348199
rs7782764,7,23442444
rs12538407,7,23487841
rs1055144,7,25837634
rs552707,7,28171828
rs12533079,7,28717662
rs6462432,7,32902049
rs6974574,7,38076598
rs1007358,7,46167880
rs6949739,7,46383928
rs2715094,7,50697946
rs1113765,7,55856828
rs12669267,7,72942572
rs17807185,7,77146231
rs2888877,7,92066336
rs42039,7,92082358
rs2188177,7,92497096
rs6971575,7,95877584
rs17250196,7,99655132
rs6952113,7,120564855
rs6962887,7,134696326
rs273945,7,137262106
rs822531,7,148260692
rs6955948,7,150139653
rs4875421,8,4814740
rs429433,8,8785304
rs7834383,8,13317848
rs7823327,8,22618297
rs4273857,8,23228998
rs17088184,8,23431180
rs2013265,8,24148445
rs3812423,8,25354627
rs568610,8,27583914
rs6988484,8,49576333
rs6999671,8,57161034
rs10958476,8,57258362
rs9650315,8,57318152
rs2956605,8,76045609
rs16939034,8,76203138
rs4735677,8,78310746
rs7007200,8,109854114
rs2737220,8,116706860
rs1550162,8,117632713
rs1599473,8,120544539
rs10283100,8,120665204
rs11779459,8,124049732
rs8180991,8,126569532
rs4733724,8,130792910
rs894343,8,135681777
rs1036821,8,135719665
rs6577717,8,135723014
rs11783655,8,145109561
rs7033940,9,6430419
rs2149163,9,16445833
rs3927536,9,16777670
rs10962832,9,17038990
rs1576900,9,18619792
rs3763631,9,35798334
rs10972628,9,35927611
rs11144688,9,77732106
rs958225,9,77949525
rs7853235,9,85850602
rs181338,9,88297981
rs10780910,9,90039075
rs1571892,9,93298657
rs7043114,9,94427804
rs1257763,9,95933766
rs12347744,9,96615094
rs4448343,9,97306191
rs1329393,9,97358747
rs817300,9,97420043
rs10990303,9,97450226
rs7870753,9,98241406
rs953199,9,99522797
rs989393,9,100783157
rs10820814,9,107344321
rs9409082,9,107940870
rs902143,9,108221732
rs2451948,9,108558029
rs7027110,9,108638867
rs3739707,9,112832527
rs999599,9,116051416
rs10759774,9,117208901
rs10119624,9,117345259
rs12344396,9,117961148
rs7033487,9,118169078
rs1742829,9,118462628
rs10817960,9,118727882
rs7466269,9,132453905
rs3132297,9,136441687
rs7849585,9,138251691
rs3812591,9,138461433
rs4332428,10,4955434
rs12779328,10,12983979
rs4350272,10,25096124
rs7069985,10,27930837
rs10995319,10,52432893
rs1171615,10,61139096
rs10997979,10,69607198
rs4746769,10,69866586
rs1815314,10,80598799
rs703985,10,80610746
rs1923367,10,80802835
rs2631676,10,93027389
rs915506,10,97795064
rs11599750,10,101795432
rs10883563,10,102674370
rs7899004,10,104331425
rs6584575,10,105567399
rs11198820,10,120951033
rs291979,10,121119787
rs1614303,10,123386796
rs7097701,10,124161847
rs10794175,10,126348063
rs11245515,10,126814058
rs11244750,10,127663867
rs2272566,11,234552
rs2735469,11,1979380
rs4320932,11,2128177
rs17659078,11,2241166
rs2237886,11,2767307
rs6485978,11,12634991
rs2099745,11,12880841
rs10766065,11,13234537
rs7126398,11,14225305
rs2915404,11,14361401
rs757081,11,17308259
rs10767838,11,30304503
rs3802758,11,45892611
rs1681630,11,47925728
rs1945237,11,55986645
rs3782089,11,65093395
rs7112925,11,66582736
rs2510396,11,68174228
rs3750972,11,68587204
rs4357716,11,68872342
rs2509133,11,69611365
rs11236294,11,74417582
rs606452,11,74953826
rs632124,11,118118445
rs10790381,11,119762705
rs1461503,11,122350285
rs11221442,11,128082834
rs11612228,12,447245
rs7299326,12,1443266
rs2856321,12,11747040
rs1420023,12,12767378
rs12228415,12,14411968
rs4326884,12,20427638
rs10770705,12,20748734
rs11047239,12,24099047
rs1861908,12,27888676
rs10492364,12,28003523
rs11049611,12,28491511
rs12820411,12,28843609
rs10843390,12,29388258
rs10880969,12,45113290
rs2306694,12,54966903
rs10877030,12,56542981
rs17122659,12,58243190
rs2164968,12,63963353
rs8756,12,64646019
rs11175992,12,64677663
rs10748128,12,68113925
rs17783015,12,88755517
rs11107062,12,92443971
rs3825199,12,92501085
rs10859567,12,92651056
rs7971536,12,100897919
rs833706,12,101586727
rs2164747,12,102868966
rs2888893,12,105862761
rs11616067,12,114877557
rs4767473,12,115849889
rs497273,12,119689065
rs11835818,12,120979192
rs7980687,12,122388664
rs11057552,12,123316848
rs1809889,12,123367179
rs1199734,13,20468246
rs11618507,13,29070751
rs12323101,13,32041406
rs12863103,13,32621244
rs6561319,13,46010121
rs12871822,13,48099041
rs7334755,13,49367914
rs2687950,13,49616469
rs1753637,13,49982174
rs3118905,13,50003335
rs4883972,13,73956482
rs3818416,13,77372469
rs11616380,13,79603316
rs6563199,13,80448450
rs7319045,13,90822575
rs7985356,13,114045564
rs17792664,14,20960523
rs8017130,14,22828996
rs1950500,14,23900690
rs12435366,14,34908140
rs10131337,14,36214267
rs6571772,14,36547212
rs4901537,14,54272876
rs8006657,14,54314899
rs11624136,14,58758573
rs2093210,14,60027032
rs2781373,14,64637968
rs1980850,14,67716941
rs2058092,14,73002719
rs862034,14,74060499
rs10140101,14,74108442
rs7154721,14,91497101
rs1190545,14,101973932
rs12882130,14,102948527
rs10152739,15,36271158
rs316618,15,39583790
rs1036477,15,46702218
rs10744956,15,49056921
rs16964211,15,49317787
rs782930,15,59195654
rs7177711,15,60167263
rs7162825,15,61226239
rs17264185,15,64784141
rs731874,15,65233885
rs10152591,15,67835211
rs975210,15,68151406
rs11634405,15,69871747
rs12904334,15,70629759
rs4337252,15,72013818
rs5742915,15,72123686
rs16968242,15,74527274
rs12914466,15,79623693
rs17349981,15,80018975
rs2257011,15,82057149
rs7162542,15,82305294
rs11855014,15,83529838
rs1348002,15,86914142
rs11633371,15,87157836
rs16942341,15,87189909
rs2280470,15,87196630
rs3817428,15,87216251
rs2238300,15,87652584
rs8028843,15,91829153
rs7181724,15,92352611
rs2871865,15,97012419
rs2573625,15,98330681
rs4246302,15,98505490
rs4548838,15,98578713
rs7170986,15,99450390
rs8042424,15,99580062
rs11648796,16,732191
rs12597498,16,930816
rs26868,16,2189377
rs2014467,16,2276395
rs12926008,16,2428212
rs1053996,16,3132652
rs129963,16,3736148
rs2531992,16,3961735
rs960006,16,4851196
rs1659127,16,14295806
rs2023693,16,20787541
rs11642612,16,29937696
rs4785393,16,48816984
rs9929889,16,49651539
rs8058684,16,52072619
rs1966913,16,65941727
rs3790086,16,68445208
rs217181,16,70671503
rs11640018,16,73885809
rs4243206,16,80147484
rs6420435,16,80741702
rs2326458,16,83545180
rs4843367,16,84975391
rs300039,16,85246477
rs3748394,16,85918001
rs8052560,16,87304743
rs2377058,16,88262332
rs11861084,16,88403211
rs870183,17,546561
rs9217,17,7303812
rs8073177,17,7381308
rs1625895,17,7518840
rs8067165,17,7972661
rs8069300,17,11924957
rs4640244,17,21224816
rs3809790,17,24979666
rs9889755,17,26258631
rs3760318,17,26271841
rs2028067,17,27263811
rs2338115,17,34183104
rs584828,17,35852756
rs3169906,17,35886287
rs9766,17,38106367
rs4986172,17,40571807
rs199515,17,42211804
rs8073371,17,43451275
rs6504389,17,43998363
rs318095,17,44329733
rs2072153,17,44745013
rs4605213,17,46599746
rs11867943,17,51584841
rs227724,17,52133816
rs1401795,17,52194651
rs2079795,17,56851431
rs2378870,17,56993405
rs2044124,17,59199157
rs2854207,17,59300839
rs2070776,17,59361230
rs3923086,17,60979950
rs2072268,17,63814947
rs11867479,17,65601802
rs10083886,17,67434950
rs2117563,17,70880580
rs1552173,17,74230437
rs1478610,17,77036847
rs4239020,17,77769930
rs888403,18,2756938
rs692964,18,13084132
rs14062,18,17704301
rs4369779,18,18989406
rs11661645,18,44142768
rs12454567,18,44524112
rs2337143,18,44736068
rs12458127,18,44911356
rs9967417,18,45213498
rs11152213,18,56003928
rs8097893,18,73112043
rs11659752,18,75323850
rs11880992,19,2127403
rs2074977,19,3385028
rs2123731,19,4880473
rs891088,19,7135762
rs1346490,19,7195233
rs4072910,19,8550031
rs6511689,19,10182089
rs8102380,19,10662185
rs7259684,19,12047611
rs8103068,19,17383869
rs10401193,19,19452066
rs8103992,19,19526643
rs7253628,19,35739109
rs4802134,19,43038525
rs4803468,19,46614192
rs11880124,19,47375631
rs2682587,19,48774269
rs2059877,19,52880621
rs7273787,20,4046567
rs17721822,20,6417596
rs1884897,20,6560832
rs6085662,20,6646372
rs6080830,20,17719113
rs7261425,20,20016635
rs8117259,20,20296253
rs6137287,20,21128259
rs1074683,20,31768314
rs1535466,20,33182367
rs143384,20,33489170
rs2425163,20,33896084
rs4812586,20,34978087
rs2224538,20,37985492
rs17450430,20,47205671
rs6020202,20,48068228
rs1326023,20,54275785
rs2057291,20,56905438
rs3026499,20,57382168
rs6061231,20,60390312
rs2829941,21,26130806
rs2834442,21,34612656
rs2211866,21,38609977
rs9977276,21,46260755
rs2413143,22,31386859
rs7284476,22,36459278
rs5757318,22,37605602
rs738288,22,38237607
rs11090631,22,44225035
